,class_name,instance_count,rule_list
4,0,1147,"[0.9387755102040817] (PURCHASES <= -1.2011658549308777) and (BALANCE > 0.6080713868141174)

"
3,1,1180,"[0.7532368621477532] (PURCHASES > -1.2011658549308777) and (BALANCE > -0.48543086647987366) and (PURCHASES > 0.7559278607368469) and (MONTHLY_CASH_ADVANCE <= 0.5303559899330139)

"
0,2,1531,"[0.753968253968254] (PURCHASES > -1.2011658549308777) and (BALANCE <= -0.48543086647987366) and (PURCHASES > 0.30496256053447723)

"
6,3,876,"[0.6208791208791209] (PURCHASES > -1.2011658549308777) and (BALANCE > -0.48543086647987366) and (PURCHASES <= 0.7559278607368469) and (CASH_ADVANCE > 0.6074191033840179)

"
5,4,1008,"[0.7695729537366548] (PURCHASES <= -1.2011658549308777) and (BALANCE <= 0.6080713868141174)

"
7,5,715,"[0.8409542743538767] (PURCHASES > -1.2011658549308777) and (BALANCE > -0.48543086647987366) and (PURCHASES > 0.7559278607368469) and (MONTHLY_CASH_ADVANCE > 0.5303559899330139)

"
1,6,1262,"[0.5749152542372882] (PURCHASES > -1.2011658549308777) and (BALANCE > -0.48543086647987366) and (PURCHASES <= 0.7559278607368469) and (CASH_ADVANCE <= 0.6074191033840179)

"
2,7,1231,"[0.883177570093458] (PURCHASES > -1.2011658549308777) and (BALANCE <= -0.48543086647987366) and (PURCHASES <= 0.30496256053447723)

"
