,class_name,instance_count,rule_list
4,0,1140,"[0.9355531686358755] (PURCHASES <= -1.2011658549308777) and (BALANCE > 0.6080713868141174)

"
0,1,1513,"[0.7925045703839122] (PURCHASES > -1.2011658549308777) and (BALANCE <= -0.48543086647987366) and (PURCHASES > 0.3727841228246689)

"
6,2,886,"[0.6287284144427001] (PURCHASES > -1.2011658549308777) and (BALANCE > -0.48543086647987366) and (PURCHASES <= 0.7559278607368469) and (CASH_ADVANCE > 0.6074191033840179)

"
1,3,1271,"[0.8446601941747572] (PURCHASES > -1.2011658549308777) and (BALANCE <= -0.48543086647987366) and (PURCHASES <= 0.3727841228246689)

"
5,4,1018,"[0.7758007117437722] (PURCHASES <= -1.2011658549308777) and (BALANCE <= 0.6080713868141174)

"
2,5,1260,"[0.5776271186440678] (PURCHASES > -1.2011658549308777) and (BALANCE > -0.48543086647987366) and (PURCHASES <= 0.7559278607368469) and (CASH_ADVANCE <= 0.6074191033840179)

"
3,6,1154,"[0.7440974866717441] (PURCHASES > -1.2011658549308777) and (BALANCE > -0.48543086647987366) and (PURCHASES > 0.7559278607368469) and (MONTHLY_CASH_ADVANCE <= 0.5303559899330139)

"
7,7,708,"[0.8369781312127237] (PURCHASES > -1.2011658549308777) and (BALANCE > -0.48543086647987366) and (PURCHASES > 0.7559278607368469) and (MONTHLY_CASH_ADVANCE > 0.5303559899330139)

"
